othernametypedescriptorid,parentusi,personaltitleprefix,firstname,middlename,lastsurname,generationcodesuffix,createdate
"1693","26","Ms","Jody",,"Morris",,"2020-11-13 14:15:47.845188"
"1691","102","Mr","Carlos",,"Medina",,"2020-11-13 14:15:48.302456"
"1693","114","Mr","Jonathan",,"Patterson",,"2020-11-13 14:15:48.373951"
"1691","199","Mr","Darren",,"Huynh",,"2020-11-13 14:15:48.893332"
"1693","313","Ms","Faith",,"Cannon",,"2020-11-13 14:15:49.557465"
"1693","462","Mr","Chad",,"Elliott",,"2020-11-13 14:15:50.395188"
"1693","598","Mr","Harvey",,"Rich",,"2020-11-13 14:15:51.421063"
"1693","760","Ms","Connie",,"Bautista",,"2020-11-13 14:15:52.818933"
"1693","846","Mr","Jessie",,"Keller",,"2020-11-13 14:15:53.504626"
"1693","1127","Mr","Luis",,"Stein",,"2020-11-13 14:15:55.729218"
"1691","1175","Mrs","Candice",,"Atkins",,"2020-11-13 14:15:55.994739"
"1691","1215","Ms","May",,"Mills",,"2020-11-13 14:15:56.522712"
"1691","1258","Mr","Jay",,"Patel",,"2020-11-13 14:15:56.763665"
"1691","1295","Ms","Stacie",,"Costa",,"2020-11-13 14:15:56.964078"
"1693","1349","Mr","Fernando",,"Aguilar",,"2020-11-13 14:15:57.274617"
"1693","1379","Ms","Catalina",,"Gordon",,"2020-11-13 14:15:57.435219"
"1691","1407","Mr","Felix",,"Cabrera",,"2020-11-13 14:15:57.582441"
"1691","1433","Mrs","Valarie",,"Ewing",,"2020-11-13 14:15:57.722327"
"1693","1497","Mr","Kenneth",,"Prince",,"2020-11-13 14:15:58.065208"
"1693","1576","Mr","Gene",,"Rosario",,"2020-11-13 14:15:58.479905"
"1691","1643","Mr","Terrence",,"Bradshaw",,"2020-11-13 14:15:59.203185"
"1691","1770","Ms","Cheri",,"Roberson",,"2020-11-13 14:16:00.123029"
"1693","1773","Mr","Scott",,"Fisher",,"2020-11-13 14:16:00.141561"
"1691","1777","Mr","Chris",,"Shah",,"2020-11-13 14:16:00.165849"
"1691","1867","Mrs","Melody",,"Nicholson",,"2020-11-13 14:16:00.640587"
