assessmentidentifier,assessmentreportingmethoddescriptorid,namespace,performanceleveldescriptorid,studentassessmentidentifier,studentusi,performancelevelmet,createdate
"ACT Composite","194","uri://ed-fi.org/Assessment/Assessment.xml","1718","/5CuICgv87a7l71buErHAU52UEvjNldXQJycrR/U","729","true","2020-11-13 14:16:31.034148"
"ACT Composite","194","uri://ed-fi.org/Assessment/Assessment.xml","1718","4GX5otLSLCDaUmA+jxfie1fdSZBr/UohErp5E15N","602","true","2020-11-13 14:16:31.076732"
"ACT Composite","194","uri://ed-fi.org/Assessment/Assessment.xml","1718","gbyEa0+TwvcXAkNi0HLj+Y0QWs+pWeMLNhz86OXa","263","true","2020-11-13 14:16:31.145399"
"ACT Composite","194","uri://ed-fi.org/Assessment/Assessment.xml","1718","gVTCzDxYNYf6w+LeL+LAfIBu/+XeyUCojydi4b7c","636","true","2020-11-13 14:16:31.149593"
"ACT Composite","194","uri://ed-fi.org/Assessment/Assessment.xml","1718","J8ez6WNEqMpbE655h65oZuAH31ETH0wcElF0UDOy","320","true","2020-11-13 14:16:31.185817"
"ACT Composite","194","uri://ed-fi.org/Assessment/Assessment.xml","1718","kSeHwl2GFR4+S8eodsCLcoM7c70T5fq94c3TV6kC","896","true","2020-11-13 14:16:31.207389"
"ACT Composite","194","uri://ed-fi.org/Assessment/Assessment.xml","1718","meq8e6h09fbaGqQHOatkeepxud/jsK0YOuUZajvS","631","true","2020-11-13 14:16:31.223068"
"ACT English","213","uri://ed-fi.org/Assessment/Assessment.xml","1718","AnduBX4MRX2bQjHHJEbnL8WpYuOxHnFKTwftyobW","368","true","2020-11-13 14:16:31.500670"
"ACT English","213","uri://ed-fi.org/Assessment/Assessment.xml","1718","ikLJRrTxQdWxYu0jiNQ72HFDGmuAdf9H3X1G/1Sy","104","true","2020-11-13 14:16:31.582641"
"ACT English","213","uri://ed-fi.org/Assessment/Assessment.xml","1718","jw5WMhJoOnUFj4TPIOTub3HSP5AIjoTaLtEkDGdh","221","true","2020-11-13 14:16:31.594114"
"ACT English","213","uri://ed-fi.org/Assessment/Assessment.xml","1718","kkJUA0KN+F+UQo/tcbiYeMBl2JBrb9BlQMobVF/U","95","true","2020-11-13 14:16:31.611842"
"ACT English","213","uri://ed-fi.org/Assessment/Assessment.xml","1718","VQVVPwkMq1u8XoPsXQbO9HGONIyAGejgoWK52I1F","172","true","2020-11-13 14:16:31.713015"
"ACT English","213","uri://ed-fi.org/Assessment/Assessment.xml","1718","YSLvQNgbz0HahDvn9KssZE0fUQiAA3m1Xqp2buWF","567","true","2020-11-13 14:16:31.753923"
"ACT English","213","uri://ed-fi.org/Assessment/Assessment.xml","1718","yWaYmH9LKBMqJW9CayFJquD/ZXDQsuwLBV8jHQwY","67","true","2020-11-13 14:16:31.767945"
"ACT Reading","213","uri://ed-fi.org/Assessment/Assessment.xml","1718","4FYUotADEIFjjUtfIfqMUhWBth3ScqpHXVv/zxMu","95","true","2020-11-13 14:16:31.788495"
"ACT Reading","213","uri://ed-fi.org/Assessment/Assessment.xml","1718","AqPgYfEwcT6cp5Zh7E5zgjZbhLuuVLt9b+3vDSPn","368","true","2020-11-13 14:16:31.820199"
"ACT Reading","213","uri://ed-fi.org/Assessment/Assessment.xml","1718","JFcefhFNEP+ZvNsiG+emZ+lKEvCrQLnxKG90qhWT","104","true","2020-11-13 14:16:31.887805"
"ACT Reading","213","uri://ed-fi.org/Assessment/Assessment.xml","1718","Mj4UXWBWO7OyFW0nMTmeNYY6GGCrGHa6pHC1HLjz","453","true","2020-11-13 14:16:31.943769"
"ACT Reading","213","uri://ed-fi.org/Assessment/Assessment.xml","1718","tfw1/XLzSkf2DIkMDBQFEHMlUs3R8p/0VSGgvyr3","428","true","2020-11-13 14:16:31.985914"
"ACT Reading","213","uri://ed-fi.org/Assessment/Assessment.xml","1718","Wf5mfX73L0iZyk/H3c5Ojtpc/a+cvatVW1wdDQCD","733","true","2020-11-13 14:16:32.024568"
"ACT Reading","213","uri://ed-fi.org/Assessment/Assessment.xml","1718","WW65Ee/sQ5TPbHPDRI/eLpl/+Vo5BcexwpFNf25H","474","true","2020-11-13 14:16:32.034952"
"ACT Reading","213","uri://ed-fi.org/Assessment/Assessment.xml","1718","zXC7Fue2u3sw7iLuyozFUf9eGe5SLMhLMEE7/bOr","12","true","2020-11-13 14:16:32.081853"
"ACT Reading","213","uri://ed-fi.org/Assessment/Assessment.xml","1718","ZQM72e/CAcK4AKprMhDEB5+4U2t1z4YSVYioQ/Pr","602","true","2020-11-13 14:16:32.081958"
"ACT Science","213","uri://ed-fi.org/Assessment/Assessment.xml","1718","FiB4W3FGTxwTmFtUjqd6e2/wPFN/BylscoOz+Ovt","806","true","2020-11-13 14:16:32.151746"
"ACT Science","213","uri://ed-fi.org/Assessment/Assessment.xml","1718","nxsnu9vzQPgrm9ixbz/CVhHBe2/DYd4TyEz6H8tB","647","true","2020-11-13 14:16:32.249745"
"ACT Science","213","uri://ed-fi.org/Assessment/Assessment.xml","1718","PqFeaDwWf9yRY4TIUjtfKVH+inSOs1jPPa4vr8bg","767","true","2020-11-13 14:16:32.253327"
"ACT Science","213","uri://ed-fi.org/Assessment/Assessment.xml","1718","wpEU+H97tGvMT1cPs2uOjfjLiR2eqhaIaEX7FC1R","63","true","2020-11-13 14:16:32.342961"
"ACT Science","213","uri://ed-fi.org/Assessment/Assessment.xml","1718","xmSvr7t/TkFBhHKnwxSDBtWOTU8wk6ssQoQVnHlM","368","true","2020-11-13 14:16:32.363331"
"ACT Writing","213","uri://ed-fi.org/Assessment/Assessment.xml","1718","4G5RBSIe4+X0LrEwzZF4H5bwz3W5F/qrndvnEhwv","63","true","2020-11-13 14:16:32.422451"
"ACT Writing","213","uri://ed-fi.org/Assessment/Assessment.xml","1718","4prz4+rR+XXUDeY4sLn8Fyk2vS6YwOQwIbgWsL5Q","615","true","2020-11-13 14:16:32.424546"
"ACT Writing","213","uri://ed-fi.org/Assessment/Assessment.xml","1718","5czt85/K4FfCk+zOMm+cyZRkZJ/xO6LroaUl/dqa","453","true","2020-11-13 14:16:32.428395"
"ACT Writing","213","uri://ed-fi.org/Assessment/Assessment.xml","1718","6su8u+k8IW6bsjqjMHpKJvzlhck8+B51iOlr2g0D","903","true","2020-11-13 14:16:32.432031"
"ACT Writing","213","uri://ed-fi.org/Assessment/Assessment.xml","1718","8fuOOaBENfqK3zDD1xiCqpAQ4SbsdP7ehWeJWn6p","691","true","2020-11-13 14:16:32.442688"
"ACT Writing","213","uri://ed-fi.org/Assessment/Assessment.xml","1718","a9lzXs7waGPhRaXjArTlVewfiYC7mzbFSWYTToz9","846","true","2020-11-13 14:16:32.445798"
"ACT Writing","213","uri://ed-fi.org/Assessment/Assessment.xml","1718","bQ5M9zQKgBFSD08wtDLELykPmYsBfxvc5hFJ5l6/","818","true","2020-11-13 14:16:32.448427"
"ACT Writing","213","uri://ed-fi.org/Assessment/Assessment.xml","1718","anSCKzNNefeE6HW2j10P40ycoNmLp7svxyeRNUcd","404","true","2020-11-13 14:16:32.448698"
"ACT Writing","213","uri://ed-fi.org/Assessment/Assessment.xml","1718","bUVNCPiMf+i2ZVsKubv+ttXI9LkM5W6uO3BANodJ","5","true","2020-11-13 14:16:32.462853"
"ACT Writing","213","uri://ed-fi.org/Assessment/Assessment.xml","1718","C/mmY0HUUFS0inDsmHPHYH+uSgMxytzp1V3yB5XR","767","true","2020-11-13 14:16:32.467482"
"ACT Writing","213","uri://ed-fi.org/Assessment/Assessment.xml","1718","c9MWnbB3llF4t0gWmHrbbQyP2/X7ovDMrj84+DIg","833","true","2020-11-13 14:16:32.490742"
"ACT Writing","213","uri://ed-fi.org/Assessment/Assessment.xml","1718","cm06vcV3UvWcQYbu8Z21116Vrf4M2Qc+0sT66P8V","581","true","2020-11-13 14:16:32.490763"
"ACT Writing","213","uri://ed-fi.org/Assessment/Assessment.xml","1718","DE7LXXPiG+BkUIisIw4OSlLaIpEfMWSlyPGEvY9I","790","true","2020-11-13 14:16:32.491443"
"ACT Writing","213","uri://ed-fi.org/Assessment/Assessment.xml","1718","C0XZMToY4ers5R21kndNqF/BcBjC1PffApHOz3Ms","493","true","2020-11-13 14:16:32.491525"
"ACT Writing","213","uri://ed-fi.org/Assessment/Assessment.xml","1718","dJ7qJ/r7Tw9lUaTGavRiR/CTssxaDJCVoVo8XaoW","597","true","2020-11-13 14:16:32.505117"
"ACT Writing","213","uri://ed-fi.org/Assessment/Assessment.xml","1718","DM0Cho1vBvRDfEGfyMyUhTQ+13EcipIbgzOKmPPB","929","true","2020-11-13 14:16:32.507373"
"ACT Writing","213","uri://ed-fi.org/Assessment/Assessment.xml","1718","f7q/Xd03Hw8pQJNtkWCqjMs9C1qEYOtbFT9wlZh1","806","true","2020-11-13 14:16:32.513874"
"ACT Writing","213","uri://ed-fi.org/Assessment/Assessment.xml","1718","FOE+9V9DdJKTsSnNVG5PgIY+EYg4fle5OE9+Q7Zz","367","true","2020-11-13 14:16:32.526165"
"ACT Writing","213","uri://ed-fi.org/Assessment/Assessment.xml","1718","Fu7pkqxV0DK2t7IaIRhXgME4foRalZhhUKawWGBD","911","true","2020-11-13 14:16:32.529245"
"ACT Writing","213","uri://ed-fi.org/Assessment/Assessment.xml","1718","hA0Wcxg7x5pRFLm+SE8bBqS5M5RRJIEC2ds1YUdo","246","true","2020-11-13 14:16:32.539053"
"ACT Writing","213","uri://ed-fi.org/Assessment/Assessment.xml","1718","HPwwvTYFur3xzLpb+Opt+kDcQJS3nIv6E4OVBsmR","77","true","2020-11-13 14:16:32.543370"
"ACT Writing","213","uri://ed-fi.org/Assessment/Assessment.xml","1718","iHWewXzQhjcZKcPeOacfHccJTFbpWf9TiTlSVBjA","243","true","2020-11-13 14:16:32.545656"
"ACT Writing","213","uri://ed-fi.org/Assessment/Assessment.xml","1718","ImXC0MMF+nq/mivZbn1HNdmVvfCcW8XWy5j1Qzru","711","true","2020-11-13 14:16:32.554010"
"ACT Writing","213","uri://ed-fi.org/Assessment/Assessment.xml","1718","iycBmbfNXXTRkCSQULBfHLOs5Euiu1Z6Bo8FFv2Q","488","true","2020-11-13 14:16:32.555196"
"ACT Writing","213","uri://ed-fi.org/Assessment/Assessment.xml","1718","J9gyUcL2NBK+F8enK97nysMvyAHa88pDbkGdtTvN","368","true","2020-11-13 14:16:32.560572"
"ACT Writing","213","uri://ed-fi.org/Assessment/Assessment.xml","1718","k+1JlDWYOKut7Y5fAdjU5r5toEHf6GnyAk3BIqUh","567","true","2020-11-13 14:16:32.570179"
"ACT Writing","213","uri://ed-fi.org/Assessment/Assessment.xml","1718","l8htp9hOoKbM0dV4G3AOonN84hslyK8WU+SJ/70K","221","true","2020-11-13 14:16:32.578379"
"ACT Writing","213","uri://ed-fi.org/Assessment/Assessment.xml","1718","maY1hVc5Tf1XtKIGAYrxStBhevX8BvA6Z53zdAJc","474","true","2020-11-13 14:16:32.594472"
"ACT Writing","213","uri://ed-fi.org/Assessment/Assessment.xml","1718","NiGWwMKuW3gJuZ2MDuyERIkrFj46K8Fk4r2DpC96","67","true","2020-11-13 14:16:32.612433"
"ACT Writing","213","uri://ed-fi.org/Assessment/Assessment.xml","1718","oxd/kuJ5pCS/wZV3nUHCKD1qu0qq4yzB8b6OWC/q","170","true","2020-11-13 14:16:32.625785"
"ACT Writing","213","uri://ed-fi.org/Assessment/Assessment.xml","1718","pX6Y0ATjwxeoTbUP8eIDOc2bInpUjE9utkQYDGIw","104","true","2020-11-13 14:16:32.644765"
"ACT Writing","213","uri://ed-fi.org/Assessment/Assessment.xml","1718","QMfNa6l/VuNmYXLqTgCB2KD4ZXUXyljaLOz0gUL/","649","true","2020-11-13 14:16:32.654376"
"ACT Writing","213","uri://ed-fi.org/Assessment/Assessment.xml","1718","rPtE0RKesA6DABf9ui0AFOe/Cy0W6q6Uuus2uT62","895","true","2020-11-13 14:16:32.670781"
"ACT Writing","213","uri://ed-fi.org/Assessment/Assessment.xml","1718","U03VGNM3p+CfpZmfVL8JDU0aJy8DysDhpQ4YVdTU","896","true","2020-11-13 14:16:32.848287"
"ACT Writing","213","uri://ed-fi.org/Assessment/Assessment.xml","1718","UYZKfKmfqO3QfIkqu2+GirEAjLudXmSiGTeq+vRm","326","true","2020-11-13 14:16:32.870809"
"ACT Writing","213","uri://ed-fi.org/Assessment/Assessment.xml","1718","wWbtQor9AliBBkf2OyFVem4QSiSko21oaHyxxpin","506","true","2020-11-13 14:16:32.890064"
"ACT Writing","213","uri://ed-fi.org/Assessment/Assessment.xml","1718","Zz4Va8UKuHQWTDrNgvTIc3mBYh9ATFiwAmVpLSMn","708","true","2020-11-13 14:16:32.911384"
"ACT Writing","213","uri://ed-fi.org/Assessment/Assessment.xml","1718","Jew8rGjBiEeNRWeYp8oewYOdNM1weEKbjGNNL/uJ","172","true","2020-11-13 14:16:32.566051"
"ACT Writing","213","uri://ed-fi.org/Assessment/Assessment.xml","1718","lorj+4l28WO4lHkbDxgYxfJRpzugZFsf6gd56+oG","871","true","2020-11-13 14:16:32.592448"
"ACT Writing","213","uri://ed-fi.org/Assessment/Assessment.xml","1718","nB90zbsBI5fP3fA2X72K/aK3hMdfdm5fe4+5/bJy","655","true","2020-11-13 14:16:32.601598"
"ACT Writing","213","uri://ed-fi.org/Assessment/Assessment.xml","1718","nDsZmK3KRIKQFrDpKWBboxNZXqPIiUphvh3CdMhJ","114","true","2020-11-13 14:16:32.609781"
"ACT Writing","213","uri://ed-fi.org/Assessment/Assessment.xml","1718","nsgw9pz0a9lgNUipRkpYdIjzHbmA2qBsAKre8gpP","720","true","2020-11-13 14:16:32.623244"
"ACT Writing","213","uri://ed-fi.org/Assessment/Assessment.xml","1718","p6UjnVDoYdRFWDxzwz7OAPQ8TIFm+h9fKDAioG8X","733","true","2020-11-13 14:16:32.632469"
"ACT Writing","213","uri://ed-fi.org/Assessment/Assessment.xml","1718","pTS20fHygfL2BZ8vcSgE71aTozTC6/ZGyxlxlMU+","930","true","2020-11-13 14:16:32.642320"
"ACT Writing","213","uri://ed-fi.org/Assessment/Assessment.xml","1718","qsfern+Exs89ucgWTVsV54h5UilumX8fiGoXtDvz","273","true","2020-11-13 14:16:32.654249"
"ACT Writing","213","uri://ed-fi.org/Assessment/Assessment.xml","1718","rhqzLXRCVl5Yg8lUrv3FLvocJKb8Dwmn6Df8pSNq","602","true","2020-11-13 14:16:32.667801"
"ACT Writing","213","uri://ed-fi.org/Assessment/Assessment.xml","1718","tbjthLPm9bgQ+bHwHzSMwWSeBNL0EQdmn3cWOWnD","12","true","2020-11-13 14:16:32.846564"
"ACT Writing","213","uri://ed-fi.org/Assessment/Assessment.xml","1718","UGbc0y6YlrrtNKN9cde2UPtxamOa8qk/4yAnQIE4","425","true","2020-11-13 14:16:32.878429"
"ACT Writing","213","uri://ed-fi.org/Assessment/Assessment.xml","1718","W57iJo1HRY+0LOQKVAFwo/E5NkviWmQ9ZxF69HvO","446","true","2020-11-13 14:16:32.890439"
"ACT Writing","213","uri://ed-fi.org/Assessment/Assessment.xml","1718","Xh+sAssc7oKPaUa6s5e/iNCwm8NBHmH37SD4/Xvk","433","true","2020-11-13 14:16:32.900179"
"ACT Writing","213","uri://ed-fi.org/Assessment/Assessment.xml","1718","ybvkmNkmOhmHe0vnd8F9uPBtd1Efs1ulYTPaB0Sl","320","true","2020-11-13 14:16:32.906809"
"ACT Writing","213","uri://ed-fi.org/Assessment/Assessment.xml","1718","lH0PJE/S7IAPVBNG5bGuah1J4wxe1cbsp2FfV7oH","81","true","2020-11-13 14:16:32.578955"
"ACT Writing","213","uri://ed-fi.org/Assessment/Assessment.xml","1718","PMP10oe0aDupK2VHcD4tnfnZXMxFE2FSTVjlQ298","142","true","2020-11-13 14:16:32.633532"
"ACT Writing","213","uri://ed-fi.org/Assessment/Assessment.xml","1718","r8cwIkOyMIAXds6STc8A3rZKtiNIXXSfNEhExmUB","482","true","2020-11-13 14:16:32.663336"
"ACT Writing","213","uri://ed-fi.org/Assessment/Assessment.xml","1718","SeZmZ2jt+E/d9Ij6a/SRjrGkO6T968uj4fbvKDZY","95","true","2020-11-13 14:16:32.682878"
"ACT Writing","213","uri://ed-fi.org/Assessment/Assessment.xml","1718","u75JPgwcE0vYAF9unf+x8xBa0jTr6e9XO3n+7VfN","854","true","2020-11-13 14:16:32.850347"
"ACT Writing","213","uri://ed-fi.org/Assessment/Assessment.xml","1718","UbBLI+k9vzJgdkcTfVuM/W0nEyvZlEpN2r3nxyTY","439","true","2020-11-13 14:16:32.867565"
"ACT Writing","213","uri://ed-fi.org/Assessment/Assessment.xml","1718","vzljrrqUWVB9wMV0KXa4rg9T1aC6DtkYr4GdDdkd","631","true","2020-11-13 14:16:32.873922"
"ACT Writing","213","uri://ed-fi.org/Assessment/Assessment.xml","1718","xEMFSWZjNakcrnlD1SXo0U+k21worS0gQnqfFcNR","295","true","2020-11-13 14:16:32.889401"
"ACT Writing","213","uri://ed-fi.org/Assessment/Assessment.xml","1718","z3l1ujc83sfGsO4kCRnRT+jysp/R1oFZVBRwSziL","428","true","2020-11-13 14:16:32.912676"
"ACT Writing","213","uri://ed-fi.org/Assessment/Assessment.xml","1718","N5c5af1Dy3/5zmQ+aZpJBbx+vvSZT2TXV+695ikb","636","true","2020-11-13 14:16:32.595784"
"ACT Writing","213","uri://ed-fi.org/Assessment/Assessment.xml","1718","rslXjq5BZaS8z8xENyvqDGB+WBcUVhyZ9RBYhr6D","647","true","2020-11-13 14:16:32.678492"
"MP-2013-Mathematics-Seventh grade","213","uri://ed-fi.org/Assessment/Assessment.xml","1715","1YOGV0cm24SP4bh1mizCMUwkcVpqBwfb8hYYAZgr","877","true","2020-11-13 14:16:40.939850"
"MP-2013-Mathematics-Seventh grade","213","uri://ed-fi.org/Assessment/Assessment.xml","1710","0+KxanZG+CdQReWPdaJiMPEjaCZJQP2IDP0mU2I4","645","true","2020-11-13 14:16:40.940027"
"MP-2013-Mathematics-Seventh grade","213","uri://ed-fi.org/Assessment/Assessment.xml","1715","2d7QI2vH16MgtmjvEgP5KZiJNE1dtBTjJ7dGBp8d","92","true","2020-11-13 14:16:40.940127"
"MP-2013-Mathematics-Seventh grade","213","uri://ed-fi.org/Assessment/Assessment.xml","1715","2r87Bg5TTt4i87HP/UHCx43UQh4yVGjz7GC+hNU7","724","true","2020-11-13 14:16:40.939956"
"MP-2013-Mathematics-Seventh grade","213","uri://ed-fi.org/Assessment/Assessment.xml","1714","39WpRfpk8zZJQXNPVFEDS2PqkEJt4vmbcO4rvOF7","23","true","2020-11-13 14:16:41.003991"
"MP-2013-Mathematics-Seventh grade","213","uri://ed-fi.org/Assessment/Assessment.xml","1714","4uLiYbyuGYydPYcwWvehlI3jrhCtBstruR9yBc5v","248","true","2020-11-13 14:16:41.008226"
"MP-2013-Mathematics-Seventh grade","213","uri://ed-fi.org/Assessment/Assessment.xml","1714","5abpfTy8A5/6+zrlXNFA9no+uSkBY8xTbtPc4Nz7","229","true","2020-11-13 14:16:41.011491"
"MP-2013-Mathematics-Seventh grade","213","uri://ed-fi.org/Assessment/Assessment.xml","1715","6GWYLYDnAJ7gD6gq/9lR/UPm8Hmkox8RKKOUNDcL","551","true","2020-11-13 14:16:41.012498"
"MP-2013-Mathematics-Seventh grade","213","uri://ed-fi.org/Assessment/Assessment.xml","1714","6hn46X705zYjrGoNvPCchwIBrklocTpgbmJshepV","400","true","2020-11-13 14:16:41.056266"
"MP-2013-Mathematics-Seventh grade","213","uri://ed-fi.org/Assessment/Assessment.xml","1715","7lvQJ6kQ21Wa+3BRRzXnAAnG7UX1wsTMCyRJbRPc","447","true","2020-11-13 14:16:41.066643"
"MP-2013-Mathematics-Seventh grade","213","uri://ed-fi.org/Assessment/Assessment.xml","1714","8mXHydGEPyY2WliO0PlT2SofPWTRUg4yXJZ6JF3k","403","true","2020-11-13 14:16:41.070849"
"MP-2013-Mathematics-Seventh grade","213","uri://ed-fi.org/Assessment/Assessment.xml","1710","8i0ESyI6VX13xtgM2uuLbp6ukbcRkEZbDclzgMC7","620","true","2020-11-13 14:16:41.070436"
"MP-2013-Mathematics-Seventh grade","213","uri://ed-fi.org/Assessment/Assessment.xml","1712","A1hAVDeyIn0Mf/kTgCBVTRsYg8kg6fsXI9b8fTrP","187","true","2020-11-13 14:16:41.102267"
"MP-2013-Mathematics-Seventh grade","213","uri://ed-fi.org/Assessment/Assessment.xml","1715","AmKCMbrCfSFzdh8q70mMCgJwtnSc+l9dYyCkA6f+","956","true","2020-11-13 14:16:41.109686"
"MP-2013-Mathematics-Seventh grade","213","uri://ed-fi.org/Assessment/Assessment.xml","1715","aWjX2AYEQgo/qDuapxCSvFFCX+fQ+KpRJSxKarAb","291","true","2020-11-13 14:16:41.115994"
"MP-2013-Mathematics-Seventh grade","213","uri://ed-fi.org/Assessment/Assessment.xml","1715","aXQfXJ/qSPU12UlobFlgnR7XiDZoI1vsyTjKOAHI","500","true","2020-11-13 14:16:41.120905"
"MP-2013-Mathematics-Seventh grade","213","uri://ed-fi.org/Assessment/Assessment.xml","1715","bG1Bpmf+mCgmfTF22ewyEjWPvUM8HrF477o6fVN6","31","true","2020-11-13 14:16:41.149644"
"MP-2013-Mathematics-Seventh grade","213","uri://ed-fi.org/Assessment/Assessment.xml","1715","Bgpd+fO/rIda57JPLdaS8aMjM770yY+MIghUnTDK","914","true","2020-11-13 14:16:41.152456"
"MP-2013-Mathematics-Seventh grade","213","uri://ed-fi.org/Assessment/Assessment.xml","1710","bLyEsojUEAkfu0UGtjbtvtejuUuYVXwNS8EcH35w","495","true","2020-11-13 14:16:41.164108"
"MP-2013-Mathematics-Seventh grade","213","uri://ed-fi.org/Assessment/Assessment.xml","1715","buJv6gNXs8uURpay1YUdmYuqEY1Z1zq3e6sgunoz","236","true","2020-11-13 14:16:41.163713"
"MP-2013-Mathematics-Seventh grade","213","uri://ed-fi.org/Assessment/Assessment.xml","1712","bxj7vLIVbNtn6XjDxrY8l+Mv/Q6ZRKzVJiCIn0HF","352","true","2020-11-13 14:16:41.193626"
"MP-2013-Mathematics-Seventh grade","213","uri://ed-fi.org/Assessment/Assessment.xml","1715","c/3xZDujSVsNhjmZCD8fP7qJ07lC/Lte/ydvOu5B","522","true","2020-11-13 14:16:41.196679"
"MP-2013-Mathematics-Seventh grade","213","uri://ed-fi.org/Assessment/Assessment.xml","1714","cIEenhVGWKQRCFX6HzdfkBc08q6f5fStlEaWlDey","432","true","2020-11-13 14:16:41.208186"
"MP-2013-Mathematics-Seventh grade","213","uri://ed-fi.org/Assessment/Assessment.xml","1715","cwaCPc06izGOA1tHzzZyZvia+EPDb9UvCNxaT5k4","681","true","2020-11-13 14:16:41.207895"
"MP-2013-Mathematics-Seventh grade","213","uri://ed-fi.org/Assessment/Assessment.xml","1714","DtkHpmh25G2JImKovnJWQPBSnGsX2toOMudz6v+/","247","true","2020-11-13 14:16:41.234534"
"MP-2013-Mathematics-Seventh grade","213","uri://ed-fi.org/Assessment/Assessment.xml","1715","DYrzoMRoefhhDUSGaK+GIXvdU3dtJDHN0CLPID4t","559","true","2020-11-13 14:16:41.237216"
"MP-2013-Mathematics-Seventh grade","213","uri://ed-fi.org/Assessment/Assessment.xml","1715","e8fv/8C0R9Svtq2WjuW+4JadQ5W2ZWye5MKVr9xM","419","true","2020-11-13 14:16:41.252909"
"MP-2013-Mathematics-Seventh grade","213","uri://ed-fi.org/Assessment/Assessment.xml","1715","dZavW7wpC9IiFm8/3ylw9LLBXtVvS6hS1Ej+HrQz","913","true","2020-11-13 14:16:41.254334"
"MP-2013-Mathematics-Seventh grade","213","uri://ed-fi.org/Assessment/Assessment.xml","1710","Fa6zTLxszUwC6WbFnQ6uQLyZWHl+Ecq0M/Fej2vJ","497","true","2020-11-13 14:16:41.274815"
"MP-2013-Mathematics-Seventh grade","213","uri://ed-fi.org/Assessment/Assessment.xml","1710","FwShw9USgO87wNiJghgHvsL459eNDZgPIk7RK1CC","426","true","2020-11-13 14:16:41.280919"
"MP-2013-Mathematics-Seventh grade","213","uri://ed-fi.org/Assessment/Assessment.xml","1715","gkgmC9B+3p+N7MOij/hNkJV/Fjuwy5MThJxsH/1y","925","true","2020-11-13 14:16:41.293516"
"MP-2013-Mathematics-Seventh grade","213","uri://ed-fi.org/Assessment/Assessment.xml","1715","gsYq6G9v2KylarcmkrlxohLUB5w4ITTjJongjZQJ","207","true","2020-11-13 14:16:41.295449"
"MP-2013-Mathematics-Seventh grade","213","uri://ed-fi.org/Assessment/Assessment.xml","1715","H4jV66Eb3XaAjwVPjl4bnlPYXW4z6omLcLgQRT/O","406","true","2020-11-13 14:16:41.313911"
"MP-2013-Mathematics-Seventh grade","213","uri://ed-fi.org/Assessment/Assessment.xml","1715","HgW9FCTR96DEpBLRnden3coS5CcvXoOmL8B4vqFU","69","true","2020-11-13 14:16:41.321218"
"MP-2013-Mathematics-Seventh grade","213","uri://ed-fi.org/Assessment/Assessment.xml","1715","hQODL9EG0k8pClBWoLBzwecR2sW2hGerNPayTBkg","811","true","2020-11-13 14:16:41.335512"
"MP-2013-Mathematics-Seventh grade","213","uri://ed-fi.org/Assessment/Assessment.xml","1715","JURmK6DNtTtC8aQ3Wcdi9LIdG7XUf5N1ctOBwHgb","562","true","2020-11-13 14:16:41.335713"
"MP-2013-Mathematics-Seventh grade","213","uri://ed-fi.org/Assessment/Assessment.xml","1715","kDFebqb/lXfGk/Ta8f58KFFjXjaaci9/eli9jt/6","318","true","2020-11-13 14:16:41.354773"
"MP-2013-Mathematics-Seventh grade","213","uri://ed-fi.org/Assessment/Assessment.xml","1715","kGt6DfIadkgg9meNMcD3OfAkCGp2dlJAbTvqbDM3","917","true","2020-11-13 14:16:41.365409"
"MP-2013-Mathematics-Seventh grade","213","uri://ed-fi.org/Assessment/Assessment.xml","1715","kO+V0BniVngERHJIgGSLJCZICdlagrdC6b0sgtnW","144","true","2020-11-13 14:16:41.380131"
"MP-2013-Mathematics-Seventh grade","213","uri://ed-fi.org/Assessment/Assessment.xml","1715","KMgoq7Olix7mmQ+vsrKnKlo+6EBwLyH4LLvRgOH9","288","true","2020-11-13 14:16:41.381438"
"MP-2013-Mathematics-Seventh grade","213","uri://ed-fi.org/Assessment/Assessment.xml","1715","lBySzJisGNlyaKXFZfBQouCklqcMop58KLTl66P/","232","true","2020-11-13 14:16:41.396538"
"MP-2013-Mathematics-Seventh grade","213","uri://ed-fi.org/Assessment/Assessment.xml","1715","Lh6vUX/lIyYN7f/3qMZZBvfUKiYI0smQ4cjPS3V9","700","true","2020-11-13 14:16:41.413808"
"MP-2013-Mathematics-Seventh grade","213","uri://ed-fi.org/Assessment/Assessment.xml","1714","lRbUkIESg+qaANXclF7NVw3JhbClmB34hRylPlaN","41","true","2020-11-13 14:16:41.420136"
"MP-2013-Mathematics-Seventh grade","213","uri://ed-fi.org/Assessment/Assessment.xml","1715","LsiCJ4xA1rJQgwzFAYbDju6h1R3Y1+6SHhCQbPe6","952","true","2020-11-13 14:16:41.426019"
"MP-2013-Mathematics-Seventh grade","213","uri://ed-fi.org/Assessment/Assessment.xml","1712","N1H8Kgn4y/4BgkSL651gNnxK3YhGpq8hrIe6rj8X","158","true","2020-11-13 14:16:41.467860"
"MP-2013-Mathematics-Seventh grade","213","uri://ed-fi.org/Assessment/Assessment.xml","1712","oyepd2wrgbZsHUc0ZYXrFH8cmUV9WNUI4SUMTakg","546","true","2020-11-13 14:16:41.508387"
"MP-2013-Mathematics-Seventh grade","213","uri://ed-fi.org/Assessment/Assessment.xml","1715","qbdvdU++LJqTdpP/gPY8DONOvjI8vRbwlkx6eIdV","110","true","2020-11-13 14:16:41.551317"
"MP-2013-Mathematics-Seventh grade","213","uri://ed-fi.org/Assessment/Assessment.xml","1715","rtPPkY5SgeFxJUs9EjN6RhTmfP/KvI0YveT63EvB","784","true","2020-11-13 14:16:41.594550"
"MP-2013-Mathematics-Seventh grade","213","uri://ed-fi.org/Assessment/Assessment.xml","1715","T+9bZrKGgR2zjFGb+HMzqrgf9pQAvNDWVtBqfoRA","673","true","2020-11-13 14:16:41.641728"
"MP-2013-Mathematics-Seventh grade","213","uri://ed-fi.org/Assessment/Assessment.xml","1715","upuIOea8j/p52+cDU5U2Z44p6yTbgafHFfw3EmUZ","269","true","2020-11-13 14:16:41.684636"
"MP-2013-Mathematics-Seventh grade","213","uri://ed-fi.org/Assessment/Assessment.xml","1712","Vl+dn3tRmo70dLshLq1mdf6KJ16NZwvpA8DvgH8l","354","true","2020-11-13 14:16:41.731558"
"MP-2013-Mathematics-Seventh grade","213","uri://ed-fi.org/Assessment/Assessment.xml","1715","x/CZ18FzqYLUf1Sm4G6E+tprvuDlhN3A0b+7l0Cb","378","true","2020-11-13 14:16:41.776148"
"MP-2013-Mathematics-Seventh grade","213","uri://ed-fi.org/Assessment/Assessment.xml","1715","YeOuQhzwd3RBkYLXtTrQ++fGQxNg1gluRHPnv+VJ","828","true","2020-11-13 14:16:41.824454"
"SAT Critical Reading","214","uri://ed-fi.org/Assessment/Assessment.xml","1718","EzrF5wXBYqCJp+6XXoeuwqxj9XEqTxpKNixi22L2","698","true","2020-11-13 14:16:41.857746"
"SAT Critical Reading","214","uri://ed-fi.org/Assessment/Assessment.xml","1718","q0q02ESn47wG3yNbjBk9KOltEJGbJWHAegmrpYL9","697","true","2020-11-13 14:16:41.943060"
"SAT Mathematics","214","uri://ed-fi.org/Assessment/Assessment.xml","1718","/yUZJ30jywJApMB5wkEN7IPXfrHGIeejAFTPZ10T","674","true","2020-11-13 14:16:41.967444"
"SAT Mathematics","214","uri://ed-fi.org/Assessment/Assessment.xml","1718","9Yy/TDRuWUObau4Bbuev/g3QLONndrybbIAa9pyK","697","true","2020-11-13 14:16:41.994651"
"SAT Mathematics","214","uri://ed-fi.org/Assessment/Assessment.xml","1718","sy0qOxwtMf+BY0B3S/rO9m/4sFeBX3TvrrMSSLBE","698","true","2020-11-13 14:16:42.026036"
"SAT Writing","214","uri://ed-fi.org/Assessment/Assessment.xml","1718","EdrCHEx8sGxvSoe2ZAugru7aLZ0/vhJmSkajs2+P","618","true","2020-11-13 14:16:42.072568"
"SAT Writing","214","uri://ed-fi.org/Assessment/Assessment.xml","1718","VIl5gEJqwyJHAEORQ1pH1LX1sdeCAlIJ6tmDAt0U","674","true","2020-11-13 14:16:42.099586"
"SAT Writing","214","uri://ed-fi.org/Assessment/Assessment.xml","1718","Wrjf7Mzt6WtTpKZZcyUJmiIlOpumbHe22wJiDsdS","668","true","2020-11-13 14:16:42.121027"
"SAT Writing","214","uri://ed-fi.org/Assessment/Assessment.xml","1718","XHX0PEf9mQhSdWL/3/qnKzOWEdqUnvw5h+CTyPtz","770","true","2020-11-13 14:16:42.128226"
"SA-2011-Mathematics-Eighth grade","214","uri://ed-fi.org/Assessment/Assessment.xml","1714","lNl7s4QWt1w3fqtHpVumZUqqUZCJi/eV1bUfe+VS","31","true","2020-11-13 14:16:42.179125"
"SA-2011-Mathematics-Eighth grade","214","uri://ed-fi.org/Assessment/Assessment.xml","1714","rtkQAv1VoyjupI9nWZs5NwSKslxpjJgbPj5Sa5tp","69","true","2020-11-13 14:16:42.213212"
"SA-2011-Mathematics-Fifth grade","214","uri://ed-fi.org/Assessment/Assessment.xml","1713","FpiMdvIGc/K7N2gIsAYkDq/bt+xwPnc5fQcNk+sT","97","true","2020-11-13 14:16:42.243256"
"SA-2011-Mathematics-Fifth grade","214","uri://ed-fi.org/Assessment/Assessment.xml","1714","QaLG1ix4xHZm7kAyBFghcJB9og53hA0HUWZQh1ET","65","true","2020-11-13 14:16:42.270519"
"SA-2011-Reading-Eighth grade","214","uri://ed-fi.org/Assessment/Assessment.xml","1714","6XFtjPF+6xJyWX4+ANFxG3mFl4IVKbtttbkc74h2","76","true","2020-11-13 14:16:42.290279"
"SA-2011-Reading-Eighth grade","214","uri://ed-fi.org/Assessment/Assessment.xml","1714","JaXtVGKLyTDUumkGmlqdBacGZPh2yBY4JWnSFqfh","23","true","2020-11-13 14:16:42.317597"
"SA-2011-Reading-Fifth grade","214","uri://ed-fi.org/Assessment/Assessment.xml","1713","EN1GX3rXsctZZo3ZgTf1aJeXENBhUpn1zWsPIboO","36","true","2020-11-13 14:16:42.352028"
"SA-2011-Reading-Fifth grade","214","uri://ed-fi.org/Assessment/Assessment.xml","1713","PrpRGLjUwBWndHwWYmCk3TAvGGgWx1Xc0eHA1gH7","55","true","2020-11-13 14:16:42.368797"
"MP-2013-Mathematics-Seventh grade","213","uri://ed-fi.org/Assessment/Assessment.xml","1712","MmahpZ6mLGTr5HXKK3ZfZ9ygFboZX8LwMjmyS9mu","214","true","2020-11-13 14:16:41.439997"
"MP-2013-Mathematics-Seventh grade","213","uri://ed-fi.org/Assessment/Assessment.xml","1715","n0RYsLgQeGiFp1q2OmV9eGdd7EnYxnJtk6TAK/3d","257","true","2020-11-13 14:16:41.461109"
"MP-2013-Mathematics-Seventh grade","213","uri://ed-fi.org/Assessment/Assessment.xml","1714","nC9CqDfAAStzXGF3rBPcftRzLn2TnMYWk9HnzsWU","261","true","2020-11-13 14:16:41.481398"
"MP-2013-Mathematics-Seventh grade","213","uri://ed-fi.org/Assessment/Assessment.xml","1715","NG//Up2XM2nh3FdegR4JurM/lRnPA0wr5jqJbw28","290","true","2020-11-13 14:16:41.506208"
"MP-2013-Mathematics-Seventh grade","213","uri://ed-fi.org/Assessment/Assessment.xml","1710","qcyEOggXf7sUqiQrwPaFRiE7Qh56peQ/U69k2Iyd","99","true","2020-11-13 14:16:41.550288"
"MP-2013-Mathematics-Seventh grade","213","uri://ed-fi.org/Assessment/Assessment.xml","1715","SC4ih0Xj5+q7AZVbzFK55xrUOmGz27ZNdlKgg95I","254","true","2020-11-13 14:16:41.594474"
"MP-2013-Mathematics-Seventh grade","213","uri://ed-fi.org/Assessment/Assessment.xml","1715","u26TdBnGyOCbLr/EOsMUPsVZlUl1E+0vJPcr6dla","944","true","2020-11-13 14:16:41.651819"
"MP-2013-Mathematics-Seventh grade","213","uri://ed-fi.org/Assessment/Assessment.xml","1710","UXqTSIKRrsihJURTr4/oOw6CdeWmuJ9CAk6OEsW6","113","true","2020-11-13 14:16:41.694585"
"MP-2013-Mathematics-Seventh grade","213","uri://ed-fi.org/Assessment/Assessment.xml","1715","W4VXLl9oUBLQES2Hwe4YaN6nnn72+bGbwNfwOVCx","152","true","2020-11-13 14:16:41.731439"
"MP-2013-Mathematics-Seventh grade","213","uri://ed-fi.org/Assessment/Assessment.xml","1715","xGxMCsDQKILmdeMU9uhmmVQ7yBaHOrXJj3iab1kl","76","true","2020-11-13 14:16:41.776146"
"MP-2013-Mathematics-Seventh grade","213","uri://ed-fi.org/Assessment/Assessment.xml","1715","xLanr7i+ET38vd1uARAfMZgl4PMqBeJ5Xlzs5Bp7","904","true","2020-11-13 14:16:41.824463"
"MP-2013-Mathematics-Seventh grade","213","uri://ed-fi.org/Assessment/Assessment.xml","1715","zXFMqaQUouumDhHF8VnSmBJPaZ1Xbc8f/Li1nh1q","393","true","2020-11-13 14:16:41.865909"
"SAT Critical Reading","214","uri://ed-fi.org/Assessment/Assessment.xml","1718","WBljir53Ep2afOhSeiRLOrR3Vd3NdJ82qiIwlQK6","674","true","2020-11-13 14:16:41.940633"
"SAT Writing","214","uri://ed-fi.org/Assessment/Assessment.xml","1718","foDWIOXJ2tEwUQhPniifNM/27jEh3WbXX6Ycn5Zh","715","true","2020-11-13 14:16:42.062208"
"SAT Writing","214","uri://ed-fi.org/Assessment/Assessment.xml","1718","Gpx/Hueo6CrJgCUXFMQopSfG2Ll1Ha/V9UvVWF2J","697","true","2020-11-13 14:16:42.072742"
"SAT Writing","214","uri://ed-fi.org/Assessment/Assessment.xml","1718","hUrrzwvQCCu/tO6kqJkG+TSk39BAvnp6UgnSOJDQ","698","true","2020-11-13 14:16:42.094797"
"SAT Writing","214","uri://ed-fi.org/Assessment/Assessment.xml","1718","xNQJniKYC9R7FUpUF6zpg+6ZEiJPFBKCtxXUSzgC","650","true","2020-11-13 14:16:42.142196"
"SA-2011-Mathematics-Eighth grade","214","uri://ed-fi.org/Assessment/Assessment.xml","1713","OjX8IQUGvsqbSe/0GqWMclKG33q8VLPCxcdxdwym","23","true","2020-11-13 14:16:42.179142"
"SA-2011-Mathematics-Eighth grade","214","uri://ed-fi.org/Assessment/Assessment.xml","1713","Q2r+DTj0fn3hc5YEUb1PUDAHCTzbjgIXZsezBgbx","26","true","2020-11-13 14:16:42.208676"
"SA-2011-Mathematics-Fifth grade","214","uri://ed-fi.org/Assessment/Assessment.xml","1714","dtSYTxc7Sdb75555t8v1yU1xHO76yfGzG00DvrHz","36","true","2020-11-13 14:16:42.241365"
"SA-2011-Mathematics-Fifth grade","214","uri://ed-fi.org/Assessment/Assessment.xml","1713","h4GG8urLokcFiBfVw92Gz7xThXqCTiZv6mSQhWAV","140","true","2020-11-13 14:16:42.268684"
"SA-2011-Reading-Eighth grade","214","uri://ed-fi.org/Assessment/Assessment.xml","1714","8emk8lF81W9MvxdWW2g2H/oY0p0rm5x/49ATbTdj","26","true","2020-11-13 14:16:42.295376"
"SA-2011-Reading-Eighth grade","214","uri://ed-fi.org/Assessment/Assessment.xml","1714","plI8IkWh2/2rMrWZZC/J6vwiX8zk2kn0vgaT4mdn","69","true","2020-11-13 14:16:42.326868"
"SA-2011-Reading-Fifth grade","214","uri://ed-fi.org/Assessment/Assessment.xml","1714","Dp7g6Rr/UijPYsndqHWzSdWaHcZbaLKuG5bleD4E","17","true","2020-11-13 14:16:42.343133"
"SA-2011-Reading-Fifth grade","214","uri://ed-fi.org/Assessment/Assessment.xml","1714","pGcwCrq0VH+dzIPaWAB+ezmMsXNi6eclZbvvgjHb","97","true","2020-11-13 14:16:42.364509"
"SA-2011-Reading-Fifth grade","214","uri://ed-fi.org/Assessment/Assessment.xml","1713","Vad5JDXQDwu+V16uohXPekFr9OdDByl//Z9nV7VQ","140","true","2020-11-13 14:16:42.379801"
"SA-2011-Reading-Fifth grade","214","uri://ed-fi.org/Assessment/Assessment.xml","1714","x40o9HwF8lECo/NGPDmmg/ugrO9Ebv3gTmxwKwD5","65","true","2020-11-13 14:16:42.392626"
"MP-2013-Mathematics-Seventh grade","213","uri://ed-fi.org/Assessment/Assessment.xml","1715","MqIRur7GK2K5L2/gH+U21VAMESlvJ8DRcRZwxhSY","385","true","2020-11-13 14:16:41.455887"
"MP-2013-Mathematics-Seventh grade","213","uri://ed-fi.org/Assessment/Assessment.xml","1715","PIfLmMJ4lQuue9anNoeHK4JwK77QsAB4Ni9AjChG","298","true","2020-11-13 14:16:41.508954"
"MP-2013-Mathematics-Seventh grade","213","uri://ed-fi.org/Assessment/Assessment.xml","1712","Rf+gJKVIqv6nfRQWsGjNiEQnpbcW5D0INc75WDRb","535","true","2020-11-13 14:16:41.566299"
"MP-2013-Mathematics-Seventh grade","213","uri://ed-fi.org/Assessment/Assessment.xml","1715","Sm07dIvFMhSAmdgHJyycN3BZzNM4GBIceS2KRpSQ","296","true","2020-11-13 14:16:41.608697"
"MP-2013-Mathematics-Seventh grade","213","uri://ed-fi.org/Assessment/Assessment.xml","1712","tjyyY09zHThBKDCJAyM9NgCzQN43Wusqrx99feYA","530","true","2020-11-13 14:16:41.641785"
"MP-2013-Mathematics-Seventh grade","213","uri://ed-fi.org/Assessment/Assessment.xml","1715","UoOac1bFN8O+CXRFtAPPSt1jKWTh3zMcWog7qEil","937","true","2020-11-13 14:16:41.684491"
"MP-2013-Mathematics-Seventh grade","213","uri://ed-fi.org/Assessment/Assessment.xml","1712","UZCzChgzE19Bt4NoAc1yRAIspbi2s9mKUXOnWlFw","332","true","2020-11-13 14:16:41.732256"
"MP-2013-Mathematics-Seventh grade","213","uri://ed-fi.org/Assessment/Assessment.xml","1715","x2A1nLnZm6nyEBrOlejyDy8nC+eeBE19LuBXpw/R","887","true","2020-11-13 14:16:41.776208"
"MP-2013-Mathematics-Seventh grade","213","uri://ed-fi.org/Assessment/Assessment.xml","1710","ZCMBKcXjo+ynaSZ9XeXTsC7qsA3buyYF8VXqmthX","651","true","2020-11-13 14:16:41.824524"
"SAT Critical Reading","214","uri://ed-fi.org/Assessment/Assessment.xml","1718","0CR2jJB43489mQDoOsxHJh7qGfZ8x4OUuyIm+/IK","650","true","2020-11-13 14:16:41.861351"
"SAT Critical Reading","214","uri://ed-fi.org/Assessment/Assessment.xml","1718","gq4yLMJUWPywGhbA3U5vzYHvp8muyBVfz1YG6Vgc","770","true","2020-11-13 14:16:41.876703"
"SAT Mathematics","214","uri://ed-fi.org/Assessment/Assessment.xml","1718","Hi4ZNtlxG9x5fXHJfHkOwhd7NxPV47RRnSht1z0c","770","true","2020-11-13 14:16:41.997475"
"SAT Mathematics","214","uri://ed-fi.org/Assessment/Assessment.xml","1718","Lhoe4zNX+0yJ9Z/S0w7Mx8efpJXLhhg7wwQ4eA1m","650","true","2020-11-13 14:16:42.021461"
"SA-2011-Mathematics-Eighth grade","214","uri://ed-fi.org/Assessment/Assessment.xml","1714","JFqbtT/jCC+2JCoZQQhpzHvNjwkesqWYcYT12G9G","92","true","2020-11-13 14:16:42.179209"
"SA-2011-Mathematics-Fifth grade","214","uri://ed-fi.org/Assessment/Assessment.xml","1714","/UHGKQv5EAgBmai4ZIjWZFX+o+GZptxEfl9uWO/k","147","true","2020-11-13 14:16:42.213203"
"SA-2011-Mathematics-Fifth grade","214","uri://ed-fi.org/Assessment/Assessment.xml","1714","0K8Di+HXBe5kBdD5mkTlgoe/SeIeeQsGlA504Sjt","52","true","2020-11-13 14:16:42.236320"
"SA-2011-Mathematics-Fifth grade","214","uri://ed-fi.org/Assessment/Assessment.xml","1713","GLLeL3wasJWVIgyIOTSA/LgjTvJ+h4ZGGKT42dvs","17","true","2020-11-13 14:16:42.263934"
"SA-2011-Reading-Eighth grade","214","uri://ed-fi.org/Assessment/Assessment.xml","1714","e7qIuRSPxV945FQ17cM4hNWNBeuUSXVFJAJDGxYU","31","true","2020-11-13 14:16:42.298717"
"SA-2011-Reading-Eighth grade","214","uri://ed-fi.org/Assessment/Assessment.xml","1714","VufXjEZ+N7gK5XJ6gfKrg+kg/Lv29tJwHenLY9QI","92","true","2020-11-13 14:16:42.327217"
"SA-2011-Reading-Fifth grade","214","uri://ed-fi.org/Assessment/Assessment.xml","1714","ENo19layqucW0zXWJ39hStTKAuRBJ3sOL/AqleNf","52","true","2020-11-13 14:16:42.353493"
"SA-2011-Reading-Fifth grade","214","uri://ed-fi.org/Assessment/Assessment.xml","1714","t8fzZqxVtr1/EAR2gv4LaMi1uDRPkJ1YafkgYg2y","138","true","2020-11-13 14:16:42.381099"
"MP-2013-Mathematics-Seventh grade","213","uri://ed-fi.org/Assessment/Assessment.xml","1715","pprwkGz88VZtOHRuhcH0OcztzcUUV/usfAwkG4wu","610","true","2020-11-13 14:16:41.522949"
"MP-2013-Mathematics-Seventh grade","213","uri://ed-fi.org/Assessment/Assessment.xml","1715","qIPbhuPX9jyt5wL7pvIMEX0FQ6lORoSxwdnctp/e","593","true","2020-11-13 14:16:41.554063"
"MP-2013-Mathematics-Seventh grade","213","uri://ed-fi.org/Assessment/Assessment.xml","1710","SHxeIGHIh7WGQNCW13H8320hVtvkAdsZTQIt4EV3","106","true","2020-11-13 14:16:41.596547"
"MP-2013-Mathematics-Seventh grade","213","uri://ed-fi.org/Assessment/Assessment.xml","1714","tjg6eiki3QDPxOS0CKOWUAB7/qJLxRdzNcvXHAxj","26","true","2020-11-13 14:16:41.641728"
"MP-2013-Mathematics-Seventh grade","213","uri://ed-fi.org/Assessment/Assessment.xml","1714","urIwFmXXwxO/766fBFG/O7Sns8I+EErwudv2qukj","265","true","2020-11-13 14:16:41.684630"
"MP-2013-Mathematics-Seventh grade","213","uri://ed-fi.org/Assessment/Assessment.xml","1715","Wz9FHLKmcUK2kVJiIS3WVwktyPCj1mDFab44wEXE","386","true","2020-11-13 14:16:41.738600"
"MP-2013-Mathematics-Seventh grade","213","uri://ed-fi.org/Assessment/Assessment.xml","1714","xL2tRFij8Yb51r3E+L1eAtfT0G/tO1b8BZH+rgjH","280","true","2020-11-13 14:16:41.780445"
"MP-2013-Mathematics-Seventh grade","213","uri://ed-fi.org/Assessment/Assessment.xml","1715","YwM5tn85aUGJBnnKM9AlC44eLsqKWyTTMbeqtmaE","890","true","2020-11-13 14:16:41.824611"
"SA-2011-Mathematics-Eighth grade","214","uri://ed-fi.org/Assessment/Assessment.xml","1713","EGpd3cZBHPxREn439BE8EhXEwEF515twfzRBpGCm","76","true","2020-11-13 14:16:42.179143"
"SA-2011-Mathematics-Eighth grade","214","uri://ed-fi.org/Assessment/Assessment.xml","1713","UPI4ivV9ig1VTy6L9XCMBtZzamAomEa9koII76EK","99","true","2020-11-13 14:16:42.213807"
"SA-2011-Mathematics-Fifth grade","214","uri://ed-fi.org/Assessment/Assessment.xml","1714","esBYCmBk6Jh5L8I/by27Ent13FbgJuBhqXCoUlDc","55","true","2020-11-13 14:16:42.243792"
"SA-2011-Mathematics-Fifth grade","214","uri://ed-fi.org/Assessment/Assessment.xml","1714","T+Nili+c6caBtb60YxBRG3QgK+qKOgwd3dXSzleH","138","true","2020-11-13 14:16:42.272149"
"SA-2011-Reading-Eighth grade","214","uri://ed-fi.org/Assessment/Assessment.xml","1714","ICM7q/555keg+UWHP0zKysAhgQo7gd8KFvvz89Tw","99","true","2020-11-13 14:16:42.299041"
"SA-2011-Reading-Fifth grade","214","uri://ed-fi.org/Assessment/Assessment.xml","1714","/nHtWj1s9Zws4SK7291FUNifNnrOd9YdfuTx1d5E","147","true","2020-11-13 14:16:42.336232"
